{"cameraMode":{"drawMode":0,"name":"Shaded","section":"Shading Mode"},"sceneLighting":true,"audioPlay":false,"sceneViewState":{"showFog":true,"showMaterialUpdate":false,"showSkybox":true,"showFlares":true,"showImageEffects":true,"showParticleSystems":true},"in2DMode":false,"pivot":{"x":-37.569210052490237,"y":21.993160247802736,"z":32.2169075012207},"rotation":{"x":-0.20463156700134278,"y":-0.554653525352478,"z":0.14299263060092927,"w":-0.793752133846283},"size":20.602060317993165,"orthographic":false}